{
  "run": "v28.0_asymmetric_edge_kt_tilt",
  "mode": "submit",
  "fast": false,
  "smoke_test": false,
  "valid_months": [
    3,
    5,
    7,
    9,
    11
  ],
  "best_anchor": {
    "candidate": "shape_v177_anchor",
    "n": 583298,
    "mbe": -0.3269823701528887,
    "abs_mbe": 0.3269823701528887,
    "rmse": 69.52883579851296,
    "weighted": 34.927909084332924,
    "m3_mbe": 5.636734997225318,
    "m3_rmse": 65.40681332021163,
    "m5_mbe": -1.9311015716515816,
    "m5_rmse": 65.46292394348421,
    "m7_mbe": 0.5790159467051336,
    "m7_rmse": 68.54139257545313,
    "m9_mbe": -0.5385606601713682,
    "m9_rmse": 65.85853614940439,
    "m11_mbe": -5.401591491291277,
    "m11_rmse": 81.23341213994462,
    "max_abs_month_mbe": 5.636734997225318,
    "p95_abs_station_month_mbe": 20.869848717525695,
    "risk_score": 35.20136037783731,
    "mode": NaN,
    "beta": NaN,
    "shrink": NaN,
    "alpha": NaN,
    "alpha_early": NaN,
    "alpha_late": NaN,
    "ratio_clip": NaN,
    "dist_power": NaN,
    "shape": NaN,
    "gate": NaN,
    "neutral": NaN,
    "mean_abs_delta_vs_anchor": NaN,
    "mean_delta_vs_anchor": NaN,
    "changed_row_ratio": NaN,
    "weighted_delta_vs_anchor": NaN,
    "rmse_delta_vs_anchor": NaN,
    "risk_delta_vs_anchor": NaN,
    "selection_score": NaN
  },
  "top_candidates": [
    {
      "candidate": "shape_v177_add_b1.00_s0.30_ae0.18_al0.30_c0.16_dp0.75_edge_global",
      "n": 583298,
      "mbe": -0.32698237015288595,
      "abs_mbe": 0.32698237015288595,
      "rmse": 69.46202113005049,
      "weighted": 34.89450175010169,
      "m3_mbe": 4.55065830539838,
      "m3_rmse": 65.50619328260905,
      "m5_mbe": -1.9311015716515816,
      "m5_rmse": 65.46292394348421,
      "m7_mbe": 0.5790159467051336,
      "m7_rmse": 68.54139257545313,
      "m9_mbe": -0.5385606601713682,
      "m9_rmse": 65.85853614940439,
      "m11_mbe": -4.306417051522256,
      "m11_rmse": 80.86209284308889,
      "max_abs_month_mbe": 4.55065830539838,
      "p95_abs_station_month_mbe": 20.31942095524163,
      "risk_score": 35.13261860403985,
      "mode": "add",
      "beta": 1.0,
      "shrink": 0.3,
      "alpha": 0.15,
      "alpha_early": 0.18,
      "alpha_late": 0.3,
      "ratio_clip": 0.16,
      "dist_power": 0.75,
      "shape": "shape_v177",
      "gate": "edge",
      "neutral": "global",
      "mean_abs_delta_vs_anchor": 0.7201509695334221,
      "mean_delta_vs_anchor": 2.5758450180334537e-15,
      "changed_row_ratio": 0.18610727278338002,
      "weighted_delta_vs_anchor": -0.0334073342312351,
      "rmse_delta_vs_anchor": -0.0668146684624702,
      "risk_delta_vs_anchor": -0.06874177379746271,
      "selection_score": 35.13261860403985,
      "risk_delta_vs_best_anchor": -0.06874177379746271,
      "weighted_delta_vs_best_anchor": -0.0334073342312351,
      "submission_guard": false
    },
    {
      "candidate": "shape_v177_add_b1.00_s0.30_ae0.15_al0.15_c0.16_dp2.00_edge_global",
      "n": 583298,
      "mbe": -0.32698237015289067,
      "abs_mbe": 0.32698237015289067,
      "rmse": 69.45518292906121,
      "weighted": 34.89108264960705,
      "m3_mbe": 4.769827442039038,
      "m3_rmse": 65.47953406121769,
      "m5_mbe": -1.9311015716515816,
      "m5_rmse": 65.46292394348421,
      "m7_mbe": 0.5790159467051336,
      "m7_rmse": 68.54139257545313,
      "m9_mbe": -0.5385606601713682,
      "m9_rmse": 65.85853614940439,
      "m11_mbe": -4.5274221041501255,
      "m11_rmse": 80.85409337592287,
      "max_abs_month_mbe": 4.769827442039038,
      "p95_abs_station_month_mbe": 19.693490884185593,
      "risk_score": 35.13264492728915,
      "mode": "add",
      "beta": 1.0,
      "shrink": 0.3,
      "alpha": 0.15,
      "alpha_early": 0.15,
      "alpha_late": 0.15,
      "ratio_clip": 0.16,
      "dist_power": 2.0,
      "shape": "shape_v177",
      "gate": "edge",
      "neutral": "global",
      "mean_abs_delta_vs_anchor": 0.5245325765809024,
      "mean_delta_vs_anchor": -2.2764731999569265e-15,
      "changed_row_ratio": 0.18610727278338002,
      "weighted_delta_vs_anchor": -0.036826434725874435,
      "rmse_delta_vs_anchor": -0.07365286945174887,
      "risk_delta_vs_anchor": -0.06871545054816153,
      "selection_score": 35.13264492728915,
      "risk_delta_vs_best_anchor": -0.06871545054816153,
      "weighted_delta_vs_best_anchor": -0.036826434725874435,
      "submission_guard": false
    },
    {
      "candidate": "shape_v177_add_b1.00_s0.30_ae0.15_al0.15_c0.16_dp1.25_edge_global",
      "n": 583298,
      "mbe": -0.32698237015289,
      "abs_mbe": 0.32698237015289,
      "rmse": 69.45575888652326,
      "weighted": 34.89137062833807,
      "m3_mbe": 4.753530835978947,
      "m3_rmse": 65.47708016613325,
      "m5_mbe": -1.9311015716515816,
      "m5_rmse": 65.46292394348421,
      "m7_mbe": 0.5790159467051336,
      "m7_rmse": 68.54139257545313,
      "m9_mbe": -0.5385606601713682,
      "m9_rmse": 65.85853614940439,
      "m11_mbe": -4.510988986170237,
      "m11_rmse": 80.85860487711125,
      "max_abs_month_mbe": 4.753530835978947,
      "p95_abs_station_month_mbe": 19.81017766045586,
      "risk_score": 35.13302744171972,
      "mode": "add",
      "beta": 1.0,
      "shrink": 0.3,
      "alpha": 0.15,
      "alpha_early": 0.15,
      "alpha_late": 0.15,
      "ratio_clip": 0.16,
      "dist_power": 1.25,
      "shape": "shape_v177",
      "gate": "edge",
      "neutral": "global",
      "mean_abs_delta_vs_anchor": 0.5224450913962035,
      "mean_delta_vs_anchor": -1.6309527172294143e-15,
      "changed_row_ratio": 0.18610727278338002,
      "weighted_delta_vs_anchor": -0.03653845599485095,
      "rmse_delta_vs_anchor": -0.0730769119897019,
      "risk_delta_vs_anchor": -0.06833293611759217,
      "selection_score": 35.13302744171972,
      "risk_delta_vs_best_anchor": -0.06833293611759217,
      "weighted_delta_vs_best_anchor": -0.03653845599485095,
      "submission_guard": false
    },
    {
      "candidate": "shape_v177_add_b1.00_s0.30_ae0.18_al0.30_c0.16_dp1.25_edge_global",
      "n": 583298,
      "mbe": -0.3269823701528905,
      "abs_mbe": 0.3269823701528905,
      "rmse": 69.46110084861648,
      "weighted": 34.894041609384686,
      "m3_mbe": 4.577179689207431,
      "m3_rmse": 65.51001548855596,
      "m5_mbe": -1.9311015716515816,
      "m5_rmse": 65.46292394348421,
      "m7_mbe": 0.5790159467051336,
      "m7_rmse": 68.54139257545313,
      "m9_mbe": -0.5385606601713682,
      "m9_rmse": 65.85853614940439,
      "m11_mbe": -4.333160597234614,
      "m11_rmse": 80.85496325335514,
      "max_abs_month_mbe": 4.577179689207431,
      "p95_abs_station_month_mbe": 20.381906098781368,
      "risk_score": 35.13326653055481,
      "mode": "add",
      "beta": 1.0,
      "shrink": 0.3,
      "alpha": 0.15,
      "alpha_early": 0.18,
      "alpha_late": 0.3,
      "ratio_clip": 0.16,
      "dist_power": 1.25,
      "shape": "shape_v177",
      "gate": "edge",
      "neutral": "global",
      "mean_abs_delta_vs_anchor": 0.7246514020244101,
      "mean_delta_vs_anchor": -1.9459168174974276e-15,
      "changed_row_ratio": 0.18610727278338002,
      "weighted_delta_vs_anchor": -0.03386747494823794,
      "rmse_delta_vs_anchor": -0.06773494989647588,
      "risk_delta_vs_anchor": -0.06809384728249768,
      "selection_score": 35.13326653055481,
      "risk_delta_vs_best_anchor": -0.06809384728249768,
      "weighted_delta_vs_best_anchor": -0.03386747494823794,
      "submission_guard": false
    },
    {
      "candidate": "shape_v177_add_b1.00_s0.30_ae0.15_al0.15_c0.16_dp0.75_edge_global",
      "n": 583298,
      "mbe": -0.32698237015288856,
      "abs_mbe": 0.32698237015288856,
      "rmse": 69.45628180153413,
      "weighted": 34.89163208584351,
      "m3_mbe": 4.740270144074418,
      "m3_rmse": 65.47508967841115,
      "m5_mbe": -1.9311015716515816,
      "m5_rmse": 65.46292394348421,
      "m7_mbe": 0.5790159467051336,
      "m7_rmse": 68.54139257545313,
      "m9_mbe": -0.5385606601713682,