{
  "run": "v28.0_asymmetric_edge_kt_tilt_reproduction_pack",
  "mode": "validate",
  "fast": false,
  "smoke_test": true,
  "valid_months": [
    3
  ],
  "best_anchor": {
    "candidate": "shape_v166_anchor",
    "n": 23808,
    "mbe": 2.6749269931484503,
    "abs_mbe": 2.6749269931484503,
    "rmse": 56.738988458055545,
    "weighted": 29.706957725602,
    "m3_mbe": 2.6749269931484503,
    "m3_rmse": 56.738988458055545,
    "max_abs_month_mbe": 2.6749269931484503,
    "p95_abs_station_month_mbe": 12.53201191263327,
    "risk_score": 29.84986559495962,
    "mode": NaN,
    "beta": NaN,
    "shrink": NaN,
    "alpha": NaN,
    "alpha_early": NaN,
    "alpha_late": NaN,
    "ratio_clip": NaN,
    "dist_power": NaN,
    "shape": NaN,
    "gate": NaN,
    "neutral": NaN,
    "mean_abs_delta_vs_anchor": NaN,
    "mean_delta_vs_anchor": NaN,
    "changed_row_ratio": NaN,
    "weighted_delta_vs_anchor": NaN,
    "rmse_delta_vs_anchor": NaN,
    "risk_delta_vs_anchor": NaN,
    "selection_score": NaN
  },
  "top_candidates": [
    {
      "candidate": "shape_v166_add_b1.00_s0.30_ae0.12_al0.24_c0.12_dp1.25_edge_global",
      "n": 23808,
      "mbe": 2.674926993148446,
      "abs_mbe": 2.674926993148446,
      "rmse": 56.72946739826124,
      "weighted": 29.702197195704844,
      "m3_mbe": 2.674926993148446,
      "m3_rmse": 56.72946739826124,
      "max_abs_month_mbe": 2.674926993148446,
      "p95_abs_station_month_mbe": 12.301016807359112,
      "risk_score": 29.843950089536094,
      "mode": "add",
      "beta": 1.0,
      "shrink": 0.3,
      "alpha": 0.15,
      "alpha_early": 0.12,
      "alpha_late": 0.24,
      "ratio_clip": 0.12,
      "dist_power": 1.25,
      "shape": "shape_v166",
      "gate": "edge",
      "neutral": "global",
      "mean_abs_delta_vs_anchor": 0.6308509824074511,
      "mean_delta_vs_anchor": -4.163933236443598e-15,
      "changed_row_ratio": 0.46866599462365593,
      "weighted_delta_vs_anchor": -0.004760529897154697,
      "rmse_delta_vs_anchor": -0.009521059794302289,
      "risk_delta_vs_anchor": -0.005915505423526923,
      "selection_score": 29.843950089536094,
      "risk_delta_vs_best_anchor": -0.005915505423526923,
      "weighted_delta_vs_best_anchor": -0.004760529897154697,
      "submission_guard": false
    },
    {
      "candidate": "shape_v166_add_b1.00_s0.30_ae0.12_al0.24_c0.12_dp1.25_transition_global",
      "n": 23808,
      "mbe": 2.674926993148446,
      "abs_mbe": 2.674926993148446,
      "rmse": 56.72946739826124,
      "weighted": 29.702197195704844,
      "m3_mbe": 2.674926993148446,
      "m3_rmse": 56.72946739826124,
      "max_abs_month_mbe": 2.674926993148446,
      "p95_abs_station_month_mbe": 12.301016807359112,
      "risk_score": 29.843950089536094,
      "mode": "add",
      "beta": 1.0,
      "shrink": 0.3,
      "alpha": 0.15,
      "alpha_early": 0.12,
      "alpha_late": 0.24,
      "ratio_clip": 0.12,
      "dist_power": 1.25,
      "shape": "shape_v166",
      "gate": "transition",
      "neutral": "global",
      "mean_abs_delta_vs_anchor": 0.6308509824074511,
      "mean_delta_vs_anchor": -4.163933236443598e-15,
      "changed_row_ratio": 0.46866599462365593,
      "weighted_delta_vs_anchor": -0.004760529897154697,
      "rmse_delta_vs_anchor": -0.009521059794302289,
      "risk_delta_vs_anchor": -0.005915505423526923,
      "selection_score": 29.843950089536094,
      "risk_delta_vs_best_anchor": -0.005915505423526923,
      "weighted_delta_vs_best_anchor": -0.004760529897154697,
      "submission_guard": false
    },
    {
      "candidate": "shape_v177_add_b1.00_s0.30_ae0.12_al0.24_c0.12_dp1.25_edge_global",
      "n": 23808,
      "mbe": 2.674926993148446,
      "abs_mbe": 2.674926993148446,
      "rmse": 56.72946739826124,
      "weighted": 29.702197195704844,
      "m3_mbe": 2.674926993148446,
      "m3_rmse": 56.72946739826124,
      "max_abs_month_mbe": 2.674926993148446,
      "p95_abs_station_month_mbe": 12.301016807359112,
      "risk_score": 29.843950089536094,
      "mode": "add",
      "beta": 1.0,
      "shrink": 0.3,
      "alpha": 0.15,
      "alpha_early": 0.12,
      "alpha_late": 0.24,
      "ratio_clip": 0.12,
      "dist_power": 1.25,
      "shape": "shape_v177",
      "gate": "edge",
      "neutral": "global",
      "mean_abs_delta_vs_anchor": 0.6308509824074511,
      "mean_delta_vs_anchor": -4.163933236443598e-15,
      "changed_row_ratio": 0.46866599462365593,
      "weighted_delta_vs_anchor": -0.004760529897154697,
      "rmse_delta_vs_anchor": -0.009521059794302289,
      "risk_delta_vs_anchor": -0.005915505423526923,
      "selection_score": 29.843950089536094,
      "risk_delta_vs_best_anchor": -0.005915505423526923,
      "weighted_delta_vs_best_anchor": -0.004760529897154697,
      "submission_guard": false
    },
    {
      "candidate": "shape_v177_add_b1.00_s0.30_ae0.12_al0.24_c0.12_dp1.25_transition_global",
      "n": 23808,
      "mbe": 2.674926993148446,
      "abs_mbe": 2.674926993148446,
      "rmse": 56.72946739826124,
      "weighted": 29.702197195704844,
      "m3_mbe": 2.674926993148446,
      "m3_rmse": 56.72946739826124,
      "max_abs_month_mbe": 2.674926993148446,
      "p95_abs_station_month_mbe": 12.301016807359112,
      "risk_score": 29.843950089536094,
      "mode": "add",
      "beta": 1.0,
      "shrink": 0.3,
      "alpha": 0.15,
      "alpha_early": 0.12,
      "alpha_late": 0.24,
      "ratio_clip": 0.12,
      "dist_power": 1.25,
      "shape": "shape_v177",
      "gate": "transition",
      "neutral": "global",
      "mean_abs_delta_vs_anchor": 0.6308509824074511,
      "mean_delta_vs_anchor": -4.163933236443598e-15,
      "changed_row_ratio": 0.46866599462365593,
      "weighted_delta_vs_anchor": -0.004760529897154697,
      "rmse_delta_vs_anchor": -0.009521059794302289,
      "risk_delta_vs_anchor": -0.005915505423526923,
      "selection_score": 29.843950089536094,
      "risk_delta_vs_best_anchor": -0.005915505423526923,
      "weighted_delta_vs_best_anchor": -0.004760529897154697,
      "submission_guard": false
    },
    {
      "candidate": "shape_v166_add_b1.00_s0.30_ae0.12_al0.24_c0.12_dp2.00_edge_global",
      "n": 23808,
      "mbe": 2.674926993148446,
      "abs_mbe": 2.674926993148446,
      "rmse": 56.72946739826124,
      "weighted": 29.702197195704844,
      "m3_mbe": 2.674926993148446,
      "m3_rmse": 56.72946739826124,
      "max_abs_month_mbe": 2.674926993148446,
      "p95_abs_station_month_mbe": 12.301016807359112,
      "risk_score": 29.843950089536094,
      "mode": "add",
      "beta": 1.0,
      "shrink": 0.3,
      "alpha": 0.15,
      "alpha_early": 0.12,
      "alpha_late": 0.24,
      "ratio_clip": 0.12,
      "dist_power": 2.0,
      "shape": "shape_v166",
      "gate": "edge",
      "neutral": "global",
      "mean_abs_delta_vs_anchor": 0.6308509824074511,
      "mean_delta_vs_anchor": -4.163933236443598e-15,
      "changed_row_ratio": 0.46866599462365593,
      "weighted_delta_vs_anchor": -0.004760529897154697,
      "rmse_delta_vs_anchor": -0.009521059794302289,
      "risk_delta_vs_anchor": -0.005915505423526923,
      "selection_score": 29.843950089536094,
      "risk_delta_vs_best_anchor": -0.005915505423526923,
      "weighted_delta_vs_best_anchor": -0.004760529897154697,
      "submission_guard": false
    },
    {
      "candidate": "shape_v166_add_b1.00_s0.30_ae0.12_al0.24_c0.12_dp2.00_transition_global",
      "n": 23808,
      "mbe": 2.674926993148446,
      "abs_mbe": 2.674926993148446,
      "rmse": 56.72946739826124,
      "weighted": 29.702197195704844,
      "m3_mbe": 2.674926993148446,
      "m3_rmse": 56.72946739826124,
      "max_abs_month_mbe": 2.674926993148446,
      "p95_abs_station_month_mbe": 12.301016807359112,
      "risk_score": 29.843950089536094,
      "mode": "add",
      "beta": 1.0,
      "shrink": 0.3,
      "alpha": 0.15,
      "alpha_early": 0.12,
      "alpha_late": 0.24,
      "ratio_clip": 0.12,
      "dist_power": 2.0,
      "shape": "shape_v166",